<?xml version="1.0" encoding="UTF-8"?>
<!-- Created with TexturePacker http://texturepacker.com-->
<!-- $TexturePacker:SmartUpdate:4a8f71f81be129f67c5e18a18b0dcc36$ -->
<!--Format:
n  => name of the sprite
x  => sprite x pos in texture
y  => sprite y pos in texture
w  => sprite width (may be trimmed)
h  => sprite height (may be trimmed)
oX => sprite's x-corner offset (only available if trimmed)
oY => sprite's y-corner offset (only available if trimmed)
oW => sprite's original width (only available if trimmed)
oH => sprite's original height (only available if trimmed)
r => 'y' only set if sprite is rotated
-->
<TextureAtlas imagePath="resources.png" width="256" height="512">
    <sprite n="boss0.png" x="2" y="90" w="64" h="64"/>
    <sprite n="boss1.png" x="2" y="24" w="64" h="64"/>
    <sprite n="boss2.png" x="188" y="2" w="64" h="64"/>
    <sprite n="boss3.png" x="122" y="2" w="64" h="64"/>
    <sprite n="boss_bullet0.png" x="58" y="156" w="48" h="16"/>
    <sprite n="boss_bullet1.png" x="234" y="102" w="16" h="48" r="y"/>
    <sprite n="cannon_bullet.png" x="100" y="336" w="32" h="28"/>
    <sprite n="enemy3_00.png" x="58" y="174" w="46" h="32" oX="2" oY="0" oW="36" oH="48" r="y"/>
    <sprite n="enemy3_01.png" x="68" y="92" w="48" h="32" oX="2" oY="0" oW="36" oH="48" r="y"/>
    <sprite n="enemy4_00.png" x="68" y="58" w="48" h="32" r="y"/>
    <sprite n="enemy4_01.png" x="168" y="312" w="32" h="32" oX="0" oY="16" oW="32" oH="48"/>
    <sprite n="enemy5_00.png" x="134" y="302" w="32" h="32"/>
    <sprite n="enemy5_01.png" x="100" y="270" w="32" h="32"/>
    <sprite n="enemy5_b00.png" x="2" y="386" w="32" h="28" oX="2" oY="0" oW="32" oH="32" r="y"/>
    <sprite n="enemy5_b01.png" x="36" y="372" w="32" h="28" oX="2" oY="0" oW="32" oH="32" r="y"/>
    <sprite n="enemy6_00.png" x="156" y="168" w="42" h="32" r="y"/>
    <sprite n="enemy6_01.png" x="106" y="202" w="40" h="32" oX="0" oY="2" oW="32" oH="42" r="y"/>
    <sprite n="flag.png" x="188" y="210" w="34" h="32" oX="16" oY="0" oW="64" oH="32"/>
    <sprite n="fly_fish0_0.png" x="36" y="340" w="32" h="30" oX="0" oY="0" oW="32" oH="32" r="y"/>
    <sprite n="fly_fish0_1.png" x="2" y="258" w="32" h="32"/>
    <sprite n="fly_fish1_0.png" x="36" y="242" w="32" h="32"/>
    <sprite n="fly_fish1_1.png" x="100" y="304" w="32" h="30" oX="0" oY="0" oW="32" oH="32" r="y"/>
    <sprite n="fly_fish2_0.png" x="216" y="282" w="32" h="32"/>
    <sprite n="fly_fish2_1.png" x="224" y="214" w="30" h="32" oX="0" oY="0" oW="32" oH="32"/>
    <sprite n="gold00.png" x="230" y="152" w="24" h="32" oX="4" oY="0" oW="32" oH="32"/>
    <sprite n="gold01.png" x="236" y="316" w="16" h="32" oX="8" oY="0" oW="32" oH="32"/>
    <sprite n="gold02.png" x="134" y="236" w="12" h="32" oX="10" oY="0" oW="32" oH="32"/>
    <sprite n="gold03.png" x="82" y="208" w="16" h="32" oX="8" oY="0" oW="32" oH="32"/>
    <sprite n="item0.png" x="182" y="278" w="32" h="32"/>
    <sprite n="item1_00.png" x="148" y="268" w="32" h="32"/>
    <sprite n="item1_01.png" x="100" y="236" w="32" h="32"/>
    <sprite n="item2.jpg" x="2" y="2" w="118" h="20"/>
    <sprite n="item3.png" x="2" y="224" w="32" h="32"/>
    <sprite n="item4_00.png" x="70" y="344" w="28" h="32"/>
    <sprite n="item4_01.png" x="70" y="310" w="28" h="32"/>
    <sprite n="item4_02.png" x="70" y="276" w="28" h="32"/>
    <sprite n="item4_03.png" x="70" y="242" w="28" h="32"/>
    <sprite n="mario_0_jump00.png" x="2" y="190" w="44" h="32" oX="0" oY="18" oW="32" oH="62" r="y"/>
    <sprite n="mario_0_run00.png" x="200" y="168" w="28" h="40" oX="2" oY="22" oW="32" oH="62"/>
    <sprite n="mario_0_run01.png" x="148" y="202" w="38" h="30" oX="0" oY="24" oW="32" oH="62" r="y"/>
    <sprite n="mario_0_sit00.png" x="168" y="346" w="30" h="28" oX="0" oY="34" oW="32" oH="62"/>
    <sprite n="mario_1_jump00.png" x="182" y="68" w="62" h="32" r="y"/>
    <sprite n="mario_1_run00.png" x="176" y="102" w="56" h="30" oX="0" oY="6" oW="32" oH="62" r="y"/>
    <sprite n="mario_1_run01.png" x="2" y="156" w="54" h="32" oX="0" oY="8" oW="32" oH="62" r="y"/>
    <sprite n="mario_1_sit00.png" x="2" y="324" w="32" h="30" oX="0" oY="32" oW="32" oH="62"/>
    <sprite n="mario_2_jump00.png" x="118" y="68" w="62" h="32" r="y"/>
    <sprite n="mario_2_run00.png" x="118" y="102" w="56" h="30" oX="0" oY="6" oW="32" oH="62" r="y"/>
    <sprite n="mario_2_run01.png" x="174" y="134" w="54" h="32" oX="0" oY="8" oW="32" oH="62" r="y"/>
    <sprite n="mario_2_sit00.png" x="36" y="308" w="32" h="30" oX="0" oY="32" oW="32" oH="62"/>
    <sprite n="mario_bullet.png" x="100" y="366" w="16" h="16"/>
    <sprite n="mario_bullet_d00.png" x="134" y="354" w="16" h="16" oX="0" oY="10" oW="16" oH="30"/>
    <sprite n="mario_bullet_d01.png" x="230" y="186" w="24" h="26" oX="0" oY="2" oW="24" oH="30"/>
    <sprite n="mario_bullet_d02.png" x="2" y="292" w="32" h="30"/>
    <sprite n="mario_dead00.png" x="48" y="208" w="32" h="32"/>
    <sprite n="mario_win00.png" x="118" y="134" w="54" h="32" oX="0" oY="8" oW="32" oH="62" r="y"/>
    <sprite n="princess.png" x="68" y="126" w="48" h="28" r="y"/>
    <sprite n="tortoise1_00.png" x="108" y="168" w="46" h="32" oX="2" oY="0" oW="36" oH="48" r="y"/>
    <sprite n="tortoise1_01.png" x="68" y="24" w="48" h="32" oX="2" oY="0" oW="36" oH="48" r="y"/>
    <sprite n="tortoise1_r00.png" x="2" y="356" w="32" h="28" oX="2" oY="10" oW="36" oH="48"/>
    <sprite n="tortoise1_r01.png" x="36" y="276" w="32" h="30" oX="2" oY="8" oW="36" oH="48"/>
    <sprite n="trimushroom_d00.png" x="134" y="336" w="32" h="16" oX="0" oY="16" oW="32" oH="32"/>
    <sprite n="trimushroom_r00.png" x="216" y="248" w="32" h="32"/>
    <sprite n="trimushroom_r01.png" x="182" y="244" w="32" h="32"/>
    <sprite n="wing0.png" x="202" y="316" w="32" h="30" oX="0" oY="2" oW="32" oH="32"/>
    <sprite n="wing1.png" x="148" y="234" w="32" h="32"/>
</TextureAtlas>
